Player,Team,Age,CosineSimilarity,AutoencoderSimilarity,KMeansScore,EuclideanSimilarity,ManhattanSimilarity,FinalScore
Michael Olise,Bayern Munich,22.0,0.9626455581713292,0.9900547,1.0,1.0,1.0,0.9900427947745437
Florian Wirtz,Leverkusen,21.0,0.9714632234966615,1.0,0.9996928102525454,0.9156558,0.8979427468419815,0.9755449821478703
Rayan Cherki,Lyon,20.0,0.9576025290586856,0.94747245,0.9550822876903002,0.8772804,0.9327681698164532,0.9436722826451247
Lamine Yamal,Barcelona,17.0,0.9298970326586278,0.9479599,0.9207137683794082,0.94208086,0.9444440873613298,0.9338716932230781
Matheus Cunha,Wolves,25.0,0.9999999999999999,0.9731728,0.7798946648679933,0.6858771,0.759509553819177,0.8607949969921751
Charles De Ketelaere,Atalanta,23.0,0.9599285299936849,0.9868481,0.8295993831567684,0.60422033,0.6405679672419985,0.8535363488795789
Cole Palmer,Chelsea,22.0,0.9580312421192358,0.9415263,0.7571078229459883,0.72305286,0.7764928442286763,0.8419301287569726
Maghnes Akliouche,Monaco,22.0,0.8944818416381262,0.9138198,0.8007132053885664,0.63718736,0.7348605312841817,0.8248057269853827
Noa Lang,PSV Eindhoven,25.0,0.9004088893289273,0.8330806,0.8461291763623746,0.66598624,0.7227781555079352,0.8233735765772403
Raphinha,Barcelona,27.0,0.9231276173064316,0.89162934,0.7905298437033133,0.7070074,0.668984648596724,0.8218175104875598
Vinicius Júnior,Real Madrid,24.0,0.8918904837408425,0.8419664,0.8282134604970675,0.7035338,0.6579528387517518,0.8148930707854879
Francisco Trincão,Sporting CP,24.0,0.914299995091548,0.92739177,0.746936483431403,0.62325907,0.7067940110611927,0.8091410172093597
Mason Greenwood,Marseille,22.0,0.9260523467742782,0.85907185,0.7331231181397726,0.7086926,0.6665360961749622,0.7940943925517067
Rafael Leão,Milan,25.0,0.8922141077635204,0.88038135,0.7794385952262483,0.56431186,0.6568819501902821,0.7934610467922747
Alex Baena,Villarreal,23.0,0.8574613669453729,0.87019336,0.7335382898916678,0.6772097,0.7541360873867471,0.7889135961503914
Malik Tillman,PSV Eindhoven,22.0,0.9339908031182718,0.974177,0.696537168498651,0.54356736,0.5907850715612304,0.787565662680695
Alex Iwobi,Fulham,28.0,0.8812015663393744,0.9005972,0.7158739983459493,0.6172406,0.7186466458245908,0.7855342439551378
Christian Pulisic,Milan,25.0,0.9043199210252317,0.9736334,0.7264983577830364,0.45865718,0.5225735223412349,0.7766698320751532
Nicolás Paz,Como,19.0,0.889555397282631,0.9321133,0.6692159839478451,0.6050442,0.6985607389116255,0.7755254880541701
Jakob Breum,Go Ahead Eag,20.0,0.9139156433817666,0.93855727,0.6545479963727335,0.53209096,0.6381271966580959,0.7635360600631897
Igor Paixão,Feyenoord,24.0,0.8981794750384662,0.85413396,0.7308310307167767,0.49322695,0.565819758632188,0.7548649170580327
Kenan Yıldız,Juventus,19.0,0.8386135734637307,0.9267591,0.6831880616666894,0.46880293,0.5771270100843832,0.7431213118725861
Gaëtan Perrin,Auxerre,28.0,0.8786679162675842,0.89177024,0.6715155589486151,0.49097443,0.6017826495732288,0.7429822996161609
Enzo Millot,Stuttgart,22.0,0.858567133963922,0.88484657,0.6201945619415428,0.5611446,0.6831758152071902,0.7344252082928996
Bryan Mbeumo,Brentford,24.0,0.8949477953132445,0.89291537,0.6679614382196332,0.41873488,0.5066216973293228,0.7285405627677076
Rodrygo,Real Madrid,23.0,0.8084276302613493,0.8174693,0.7055645588557552,0.50437224,0.6378758752779702,0.7272252570557008
Luis Díaz,Liverpool,27.0,0.8831422791754551,0.80640084,0.7053771570455761,0.49011052,0.513856907270942,0.7255074120614697
Bradley Barcola,Paris S-G,21.0,0.8448521845559629,0.7445036,0.7433735711386816,0.55211914,0.546542247925537,0.7251432287645602
Julián Álvarez,Atlético Madrid,24.0,0.9006267959851342,0.85330796,0.6257399729260608,0.5077153,0.5873012983509224,0.7219630008782523
João Pedro,Brighton,22.0,0.8646563538332228,0.90529764,0.6375316090523613,0.44700965,0.5258696962342193,0.7196796780901389
Anis Hadj Moussa,Feyenoord,22.0,0.8299260401274273,0.78878754,0.7122512646259486,0.5415369,0.525774689251129,0.7192011974903557
Marcus Tavernier,Bournemouth,25.0,0.790626689844949,0.8502996,0.630861956926322,0.5937479,0.675610366276533,0.7184377493561658
Dani Raba,Leganés,28.0,0.8074548360512135,0.9066205,0.6225220874175582,0.49686527,0.5945370504044232,0.7151690572071248
Kylian Mbappé,Real Madrid,25.0,0.8785120149128579,0.781233,0.6436548916165996,0.6177954,0.5697751576901936,0.7150469240186088
Eberechi Eze,Crystal Palace,26.0,0.8378933512184805,0.86485016,0.6207105342022842,0.48400655,0.6192280486249034,0.7113633583307625
Mikkel Damsgaard,Brentford,24.0,0.746650221119612,0.86312294,0.6066273465705756,0.603703,0.6570393253633352,0.70350458676626
Ludovic Blas,Rennes,26.0,0.8050191660179522,0.77884406,0.644953224172741,0.58827895,0.5835566136324772,0.6986320333268371
Morgan Rogers,Aston Villa,22.0,0.7971961810147872,0.9568113,0.6122968136689083,0.37156108,0.4705167716684078,0.697153734135905
Amad Diallo,Manchester Utd,22.0,0.8165666429231772,0.74212885,0.7260799567224424,0.42556667,0.5007857916415023,0.6956087744220808
Anthony Gordon,Newcastle Utd,23.0,0.7871290384502911,0.8518046,0.6518405438345565,0.4271678,0.5379000747584478,0.6950279415648501
Kerem Aktürkoğlu,Benfica,25.0,0.8083593019358141,0.80852497,0.6483379265021317,0.499908,0.5294299048750748,0.6936551659884196
Ademola Lookman,Atalanta,26.0,0.8267091063742273,0.7235081,0.7181415854526274,0.4704232,0.4796907171992474,0.6925797992127277
Dejan Kulusevski,Tottenham,24.0,0.7877173354280713,0.85981727,0.6704506784656411,0.38503018,0.42492349246763444,0.688150887687936
Filip Krastev,Zwolle,22.0,0.7938354845082511,0.8173853,0.6029866620060303,0.5181333,0.6095010664386483,0.6869221947227138
Leandro Trossard,Arsenal,29.0,0.7970876616812218,0.8625952,0.6092432969055578,0.38980496,0.5173465386660479,0.6790166354391132
Yoann Cathline,Utrecht,22.0,0.7603872798621805,0.79369074,0.6396220701433007,0.4738942,0.5574852752260052,0.6775058149227572
Luciano Valente,Groningen,20.0,0.7118112570309512,0.86652744,0.5785423168183109,0.5276375,0.6055936135656277,0.6748070321041045
Jacob Murphy,Newcastle Utd,29.0,0.76775871509344,0.8240947,0.6409306104579845,0.39299947,0.4984032279761245,0.6730414039384842
Antoine Semenyo,Bournemouth,24.0,0.8006657447176748,0.790212,0.607815694868391,0.43011174,0.5506798071272846,0.6685007903597425
Chris Führich,Stuttgart,26.0,0.6963588754667331,0.806109,0.628928324181911,0.4858573,0.5847127272464658,0.6679809456111241
Fabio Vieira,Porto,24.0,0.7010365390356078,0.82885426,0.5755726765924594,0.50570893,0.6369027356789786,0.6631324779223036
Nico Williams,Athletic Club,22.0,0.7171169469284886,0.76010364,0.6459430102419822,0.47343773,0.5537933291772986,0.6622524585279587
Kenneth Taylor,Ajax,22.0,0.7567848278084011,0.87214243,0.5817263682799846,0.3906597,0.48841235946622896,0.6609040071816101
Mattia Zaccagni,Lazio,29.0,0.71902154624861,0.8797637,0.5916032181192311,0.36194518,0.5064453393302664,0.6576454183379179
Michel Vlap,Twente,27.0,0.7108033476611889,0.7750679,0.5527990367696061,0.59857005,0.6531932633782346,0.6545836472187992
Ritsu Doan,Freiburg,26.0,0.7597139283693595,0.8717499,0.5557256705348271,0.36703902,0.5185420843540626,0.652942351506934
Robin Hack,Gladbach,25.0,0.7307686841781084,0.7999214,0.569939641135461,0.4800054,0.5916912556532808,0.6527826257313044
Cody Gakpo,Liverpool,25.0,0.7576683148475057,0.78990686,0.6073320226609195,0.4037141,0.4934290632885843,0.6512909026278404
Dan Ndoye,Bologna,23.0,0.7455020623946353,0.77368313,0.6151590190183793,0.41754565,0.5151004645631522,0.6510914644099772
Luis Henrique,Marseille,22.0,0.71899434458004,0.84307146,0.5990770012738907,0.36140758,0.5065835506607188,0.6510427981531175
Riccardo Orsolini,Bologna,27.0,0.7991527126859785,0.7429842,0.581149755246037,0.49313253,0.4912526810445586,0.647417523552689
Takefusa Kubo,Real Sociedad,23.0,0.6857634670873972,0.8081292,0.5930562949014511,0.42864344,0.5715601569620238,0.6467750551929401
Álex Berenguer,Athletic Club,29.0,0.7169710587685152,0.87099123,0.5864696102434367,0.33895403,0.4449110426525516,0.6447928902536514
Kaoru Mitoma,Brighton,27.0,0.7610403004131532,0.7605681,0.6218078502905214,0.37165195,0.4491739591305323,0.6420654189303513
Himad Abdelli,Angers,24.0,0.663502186864626,0.826524,0.49822873237340054,0.5741594,0.6977578088438003,0.6409032192658253
Sontje Hansen,NEC Nijmegen,22.0,0.7701071610467781,0.77194774,0.6016230351565767,0.3291317,0.4833497777845412,0.638824578424642
Hugo Ekitike,Eint Frankfurt,22.0,0.7837202894922828,0.70436287,0.5923710278786354,0.4744764,0.49199537244668995,0.6368118126651304
Oliver Antman,Go Ahead Eag,22.0,0.7146006893119881,0.7332731,0.6350312256058721,0.37622583,0.4476287184519667,0.6308847930700459
Viktor Gyökeres,Sporting CP,26.0,0.7994838087330283,0.7217322,0.5114002553567359,0.531944,0.5725282684264168,0.6297671276852028
Evann Guessand,Nice,23.0,0.768252552687386,0.8066853,0.5659879382826808,0.31790364,0.4442184529866719,0.629629830889641
Vangelis Pavlidis,Benfica,25.0,0.7443198608150067,0.7469153,0.5350146565114223,0.51359767,0.5407351023047422,0.6282812013341078
Daan Rots,Twente,23.0,0.6335458514888285,0.7729144,0.5552583662063466,0.51386553,0.6174011039151803,0.6274048650650135
Moses Simon,Nantes,29.0,0.6842390355451554,0.7531949,0.6181426055024053,0.38243276,0.4666863296336152,0.6264083591763027
Raúl Moro,Valladolid,21.0,0.6850549076213143,0.72300076,0.5985301573326235,0.45032465,0.5153230207177482,0.6238114975672467
Félix Correia,Gil Vicente FC,23.0,0.6842940849539606,0.73892176,0.5602539825550982,0.51512045,0.5421663958491112,0.6234068347713162
Bryan Zaragoza,Osasuna,23.0,0.6333146823673685,0.7505676,0.5827214204971792,0.48197624,0.5442831364070498,0.6208832743885161
Sebastian Nanasi,Strasbourg,22.0,0.7193029584693025,0.85035217,0.5647532966243336,0.30096668,0.35973338611733546,0.6201822948949562
Jarrod Bowen,West Ham,27.0,0.7596894524829207,0.7501677,0.5840548561826978,0.32996774,0.4247704565344096,0.6193728414013564
Bernardo Silva,Manchester City,29.0,0.626150971556217,0.8217058,0.5618760424340268,0.3822137,0.5327968867396269,0.6188143228099834
Mohamed Amoura,Wolfsburg,24.0,0.7053215214570493,0.716489,0.5723915418512072,0.44795835,0.5095292961176654,0.6162723650568649
Federico Dimarco,Inter,26.0,0.6282895235648982,0.72450393,0.5714804412938295,0.48061273,0.5647814614993993,0.6113414629036696
Levi Smans,Heerenveen,20.0,0.6261583480738708,0.7612172,0.5477531456177274,0.4341766,0.5805548538557109,0.6087227088519391
Yann Gboho,Toulouse,23.0,0.680811940623725,0.76685005,0.5638547265023169,0.3450321,0.48769598909661066,0.608496865212204
Pedro Neto,Chelsea,24.0,0.6219128784672446,0.7203091,0.5947559752784914,0.40078735,0.5123157366520834,0.6039347472211554
Dodi Lukebakio,Sevilla,26.0,0.6994688937405185,0.71296984,0.5547684618353865,0.41290805,0.4995141875626919,0.6035474237837516
Yankuba Minteh,Brighton,20.0,0.6807343461474541,0.66488075,0.6104044388440851,0.382541,0.4567731442088183,0.5999400262160345
Noni Madueke,Chelsea,22.0,0.7072714165861314,0.6326048,0.6036798329842539,0.42172068,0.4543322404417198,0.5984987139517683
Dango Ouattara,Bournemouth,22.0,0.6907751083046971,0.6913373,0.5713388646526903,0.39197382,0.4805526811875899,0.5982105958504752
Isaac Palazón Camacho,Rayo Vallecano,29.0,0.5954945417666726,0.781729,0.5114622304263639,0.44105032,0.5901078987881806,0.5966587589342802
Takumi Minamino,Monaco,29.0,0.6344853338054066,0.758249,0.5392191957376798,0.4032004,0.43063318269172757,0.5885693885373358
Nuno Santos,Vitória,25.0,0.6137063278883436,0.7133592,0.5095962999265848,0.5205454,0.5438813911725755,0.5858824469955192
Yeremi Pino,Villarreal,21.0,0.5808315296136676,0.79537994,0.5610787656849849,0.323839,0.41667993566782685,0.5854407517887912
Alexander Isak,Newcastle Utd,24.0,0.7362919390757863,0.67536706,0.5311237015581025,0.38361177,0.4484821387851906,0.5852028384182877
Callum Hudson-Odoi,Nott'ham Forest,23.0,0.6302299846985457,0.7028055,0.5566581021388678,0.3555816,0.516890913325572,0.5838249641913013
Dennis Man,Parma,25.0,0.6210268746827847,0.74415076,0.5553976416634265,0.3407884,0.44701212246110456,0.5834122913786
Gabriel Strefezza,Como,27.0,0.584252103065972,0.7546488,0.5296844658398836,0.36635458,0.5476182818603339,0.5822994714787308
Alberto Moleiro,Las Palmas,20.0,0.5770010985024258,0.8140035,0.5090349397705142,0.35557845,0.49282601165357665,0.5819037790466827
Pablo Fornals,Betis,28.0,0.5579808718669307,0.7400288,0.46093463789418004,0.51349235,0.6803825152692308,0.5773179826442503
Zuriko Davitashvili,Saint-Étienne,23.0,0.6287016550894362,0.73061043,0.5568406082675703,0.30424792,0.42034723954261605,0.5757466677454925
Bilal El Khannouss,Leicester City,20.0,0.5648958583643665,0.7543513,0.49349914316878724,0.42723012,0.5767776049079696,0.5746924729688422
João Carvalho,Estoril,27.0,0.5715858322537217,0.76770306,0.48130470045574464,0.4258512,0.5629031826399081,0.5735750135631724
Fredrik Aursnes,Benfica,28.0,0.5466523255855004,0.7249207,0.4830579526925069,0.47907674,0.6137314651138694,0.5689117441335456
Andrea Cambiaso,Juventus,24.0,0.566170050870183,0.7286856,0.48319680639170065,0.45079085,0.576958266037326,0.5672992093524747
Marcus Thuram,Inter,26.0,0.6842867965566074,0.6784738,0.5334518265693707,0.31691757,0.41289832121878195,0.5661655294865516
Abde Ezzalzouli,Betis,22.0,0.6230528612383575,0.6429459,0.5416284997257604,0.41749206,0.45612752459826805,0.5622789764663633
Alejandro Garnacho,Manchester Utd,20.0,0.6362845284439456,0.61359227,0.5665492000150054,0.39813465,0.4213776980940007,0.5608984286326563
Mohammed Kudus,West Ham,23.0,0.5762421522941141,0.6942982,0.5191996668530928,0.4464889,0.4505447776559304,0.5602462330151816
Domingos André Ribeiro Almeida,Valencia,24.0,0.5127653844199708,0.7302236,0.4573644619124459,0.46832678,0.6080783224113343,0.5528270467954125
Pepê,Porto,27.0,0.5030789224612117,0.75509626,0.5052232423429609,0.36127898,0.47982586766096996,0.5503284691037071
Richonell Margaret,RKC Waalwijk,23.0,0.5176059328000844,0.7206974,0.5258552757111954,0.35573885,0.46245710287672664,0.5495644789299132
Kristoffer Peterson,Fortuna Sittard,29.0,0.5625930969989248,0.68885165,0.5343482047694222,0.30124053,0.4203657965575567,0.543914037716263
Lucas Paquetá,West Ham,26.0,0.5212241246548748,0.7213944,0.4176144589018573,0.5007439,0.6302858737437841,0.543861472630848
Dylan Mbayo,Zwolle,22.0,0.5593172484157143,0.67319703,0.5427273490103313,0.32167533,0.41021207946731797,0.543306022813991
Tom Bischof,Hoffenheim,19.0,0.49438457106277317,0.7414537,0.46256129773189203,0.38738063,0.5776538368496004,0.5426402433761264
Óscar Aranda,Famalicão,22.0,0.5459375380926149,0.6905448,0.46402484666995975,0.476619,0.48408055022855345,0.5403023555134543
Victor Edvardsen,Go Ahead Eag,28.0,0.5066567178899654,0.7220647,0.4990873917771469,0.36708537,0.4649319918065135,0.5397298358449727
Adam Hložek,Hoffenheim,22.0,0.6346317632541889,0.6415322,0.5095674594502999,0.28482783,0.44636690521387123,0.538777483238987
Mateo Retegui,Atalanta,25.0,0.6241524660648269,0.67248863,0.41205489719739075,0.44880727,0.5149439475775934,0.5335469886129556
Marcos Vinicios Sorriso,Famalicão,23.0,0.5228621153432812,0.732631,0.5079346437592456,0.29274178,0.3850730646998572,0.5332887904478637
Anthony Elanga,Nott'ham Forest,22.0,0.5883050621728323,0.6297416,0.5651265425104239,0.26577267,0.3315322869714265,0.5326212010802904
Lautaro Martínez,Inter,26.0,0.5525098039598288,0.6699135,0.46770800873570956,0.4192515,0.4881853407366621,0.5324218165104811
Viktor Tsyhankov,Girona,26.0,0.46209232854160837,0.7241526,0.5189114629974653,0.3192021,0.4418346641765786,0.5311793098538795
Gabriel Martinelli,Arsenal,23.0,0.5979807274447986,0.58586913,0.5628478241807064,0.31719717,0.36200901411068936,0.5309807868598293
Lassine Sinayoko,Auxerre,24.0,0.4904305508164403,0.6937628,0.5133173288545837,0.34593177,0.42594118465936864,0.5283751646339669
Gustav Isaksen,Lazio,23.0,0.5121338439010155,0.64308715,0.5163541787520142,0.3691676,0.4437217584505617,0.5252114532201777
Morlaye Sylla,Arouca,26.0,0.44019193184480715,0.7108256,0.4271710225837795,0.41481644,0.5372818758796862,0.5104644812968684
Alexis Claude-Maurice,Augsburg,26.0,0.49318813211089185,0.7021472,0.46007842312743347,0.27820954,0.44793487191657166,0.5078163122583497
Leo Sauer,NAC Breda,18.0,0.46928447561242626,0.6411217,0.4847697779113069,0.31539002,0.43045959152666935,0.4983917022164023
Jonathan Burkardt,Mainz 05,24.0,0.5537657863456881,0.64374447,0.40121535402508796,0.4058745,0.4564176473080593,0.49834386438993117
Tim Kleindienst,Gladbach,28.0,0.5109552428388744,0.6445128,0.43720180711878887,0.35738486,0.4585935146395883,0.4979377124599572
Valentín Castellanos,Lazio,25.0,0.4729182829561496,0.6659118,0.4311873831469315,0.4030559,0.4315268700732036,0.49543546824687035
Jonathan David,Lille,24.0,0.4927598857487595,0.6267475,0.4495916115112313,0.32967898,0.41913625398298066,0.48747743781554637
Ricardo Horta,Braga,29.0,0.438211022351369,0.682123,0.45394444185229155,0.28290612,0.4050254563968886,0.48584666872890203
Ringo Meerveld,Willem II,23.0,0.44685089665033695,0.65326667,0.41572797153861235,0.39688477,0.46349040001221153,0.4842291556050305
Keito Nakamura,Reims,24.0,0.42589565538334545,0.6246978,0.4627036488456669,0.3399794,0.4470226242374705,0.4820000634713557
Tyler Dibling,Southampton,18.0,0.3888557776035019,0.6864941,0.4243592455581909,0.34970427,0.47059904558764665,0.4799507528231469
Benedict Hollerbach,Union Berlin,23.0,0.43392773434366405,0.6177885,0.47193471851293445,0.30102864,0.39870692341354264,0.4763833780057457
Yanis Begraoui,Estoril,23.0,0.4288780648045743,0.65792745,0.41348511537764776,0.34626806,0.4652847171837251,0.47613254645843484
Nikola Vlašić,Torino,26.0,0.3643081124008369,0.654608,0.4563057825959221,0.2859618,0.46868362456097906,0.4716851930787419
Serhou Guirassy,Dortmund,28.0,0.5267233348256031,0.6254646,0.3718740301699387,0.3891258,0.4063496983201308,0.471414281325347
Tete Morente,Lecce,27.0,0.3475615800086647,0.6535599,0.41924955218598725,0.332591,0.5184011591815171,0.4647388571900042
Farid El Melali,Angers,27.0,0.37576928320953323,0.6054249,0.45735275229200406,0.31242487,0.4246752033499888,0.46029354847658144
Samu Omorodion,Porto,20.0,0.4454838117676893,0.6246015,0.3501330366811191,0.40067533,0.482565893382678,0.4561178202602064
Juan Cruz,Leganés,24.0,0.36016565114765764,0.666356,0.45123749592789764,0.21712932,0.363615766198588,0.4546297699414141
Patrick Dorgu,Lecce,19.0,0.2901710467530114,0.64856577,0.4224977927977627,0.35200173,0.4993090835652569,0.4531809623831432
Omari Hutchinson,Ipswich Town,20.0,0.3061556666583425,0.63961387,0.43898616013231784,0.29950243,0.4274243802579079,0.4474724384574996
Tiago Tomás,Wolfsburg,22.0,0.24904246389240844,0.678362,0.4310460995635785,0.31373188,0.45188336350315694,0.44682665485301065
Shuto Machino,Holstein Kiel,24.0,0.44948003184222585,0.58608294,0.43151844745938195,0.23066516,0.3574458037597664,0.44625929415414617
Habib Diarra,Strasbourg,20.0,0.29601092281387176,0.6359753,0.4161291222818255,0.33605188,0.4656254757694161,0.4440089383861164
Jonas Wind,Wolfsburg,25.0,0.41325335555376363,0.60747665,0.41952769929766426,0.27452627,0.3420108294351652,0.4430082389224969
Sebastiano Esposito,Empoli,22.0,0.3141702403745392,0.6186034,0.415175082150886,0.2997771,0.4733710634136546,0.4401109943081901
Brennan Johnson,Tottenham,23.0,0.450356841529014,0.53926444,0.45219247213952113,0.23764512,0.3255081198019426,0.43947016723928867
Arnaud Kalimuendo,Rennes,22.0,0.36308973402275646,0.6107804,0.3809086522347604,0.34391874,0.45185802024164173,0.43820875790078145
Moise Kean,Fiorentina,24.0,0.4497461234561114,0.5801065,0.35827349429847394,0.3567317,0.42075679709701896,0.43812042288993286
Troy Parrott,AZ Alkmaar,22.0,0.4558678969862006,0.567664,0.3991145203943663,0.32451734,0.32347593791158846,0.43757899607674
Teun Koopmeiners,Juventus,26.0,0.2888448261934452,0.6150473,0.4186383147731871,0.2951242,0.49545230642930393,0.43711184535391645
Nicolas Jackson,Chelsea,23.0,0.4535380529853019,0.53141695,0.43404196831118197,0.2968245,0.3191346487503067,0.43707245439262526
Ilias Sebaoui,Heerenveen,22.0,0.3219563854616483,0.60483074,0.41745395716062694,0.3895026,0.3613468197576239,0.43679279027349016
Gaetano Oristanio,Venezia,21.0,0.28641361957193495,0.5960991,0.4384391515729146,0.30634838,0.4567842875155081,0.4360744644679933
Keane Lewis-Potter,Brentford,23.0,0.2698077720790762,0.63326937,0.39224002953282183,0.358235,0.497132305523283,0.4350996393517007
Joelinton,Newcastle Utd,27.0,0.25550570955074564,0.6434651,0.3963069222408262,0.34132695,0.47603824261677974,0.4324113610740171
Benjamin Šeško,RB Leipzig,21.0,0.38747069630278774,0.5643804,0.40041926307957315,0.27436286,0.45547659688703507,0.43171992907146894
Diego López,Valencia,22.0,0.3080887021671449,0.62119454,0.46603998419040515,0.21785422,0.295344594050702,0.431350250965674
Yoane Wissa,Brentford,27.0,0.47435916737884576,0.5450752,0.39245782049140454,0.29413286,0.33220957885902475,0.4311351096667904
Loïs Openda,RB Leipzig,24.0,0.33030928947045524,0.5594586,0.44870870511398636,0.3019049,0.3754221376217134,0.4307072601186497
Kevin Schade,Brentford,22.0,0.37745688850288717,0.56182015,0.43075678924609273,0.27876434,0.34009523489517907,0.4285972496293633
Issa Soumaré,Le Havre,23.0,0.2843245430330902,0.5756815,0.464469309595588,0.2439007,0.36752556619095805,0.42449217024886066
Junior Kadile,Almere City,21.0,0.29746308461235427,0.5722032,0.4351624407289388,0.31274325,0.37556301730563224,0.4236809037880417
Boulaye Dia,Lazio,27.0,0.31011494925333527,0.6056413,0.3915869988198357,0.29299924,0.43125192930983,0.422913882880358
Iliman Ndiaye,Everton,24.0,0.3554683384614287,0.56411135,0.4102329364071738,0.24933584,0.40593428867734394,0.4212300463286883
John McGinn,Aston Villa,29.0,0.3125512061290687,0.57876396,0.3894292529185462,0.3048115,0.4482564249226746,0.4188082630613869
Lucas Stassin,Saint-Étienne,19.0,0.4480961247684713,0.52717465,0.397233071415249,0.25126612,0.3190848372971473,0.41747955839834205
Lucas Beltrán,Fiorentina,23.0,0.24619532213957943,0.5685548,0.4150585995720437,0.29055518,0.4780798957550741,0.41351178754069134
Vito van Crooy,NEC Nijmegen,28.0,0.3280147565625412,0.5950583,0.3641345576115997,0.32388377,0.3875346275723028,0.4129564676566977
Ermedin Demirović,Stuttgart,26.0,0.4636231579841495,0.55735403,0.3249232775566766,0.34314474,0.30872174309228834,0.4109729372528037
Ollie Watkins,Aston Villa,28.0,0.41328932278161656,0.52215314,0.3833074878629928,0.29795513,0.32651394696537284,0.40980067734053277
Fábio Silva,Las Palmas,22.0,0.2901978565810964,0.5700191,0.390743955705536,0.30289245,0.411115529552214,0.4087055360223637
Kai Havertz,Arsenal,25.0,0.34315797206424725,0.550552,0.39331811006988554,0.2939496,0.34033730285692265,0.4073596258879635
Kodai Sano,NEC Nijmegen,20.0,0.283759148741088,0.5841176,0.33301327878647424,0.37087223,0.4612975527611209,0.40255285486874925
Sandro Ramírez,Las Palmas,29.0,0.2154012529802542,0.60266876,0.42584328455404813,0.22774698,0.3558231761411308,0.4011496065685814
Paxten Aaronson,Utrecht,20.0,0.27609351869066484,0.53266215,0.41178070483097795,0.23491865,0.41032236124989896,0.39703158988894044
Mahdi Camara,Brest,26.0,0.24682107743223863,0.57345504,0.39367247465371596,0.2584755,0.40436584082690075,0.3967974769637646
Jean-Philippe Mateta,Crystal Palace,27.0,0.3233711681912328,0.54883343,0.36817970820869556,0.26923233,0.37781465040009,0.3954501876478195
Erling Haaland,Manchester City,24.0,0.44993583118542907,0.5170066,0.30733779070380796,0.32201776,0.29624190645367077,0.3886330057877422
Santiago Castro,Bologna,19.0,0.2119855652548816,0.5477323,0.382372050707386,0.32233366,0.41247954916925467,0.38664172772231326
Clayton,Rio Ave,25.0,0.25740371796576883,0.5671195,0.34137958725439543,0.3252455,0.3939847575115029,0.3846664968744523
Marvin Pieringer,Heidenheim,24.0,0.21199887525487354,0.54770696,0.39066693540905945,0.28613916,0.3923785916172481,0.38391171768075183
Dominic Solanke,Tottenham,26.0,0.2381454023965246,0.5652564,0.35498219292299277,0.3198607,0.3733198019518982,0.38250500133115384
Jérémy Livolant,Casa Pia,26.0,0.2587627281036947,0.50552577,0.43444658876563147,0.18438028,0.3254132121200554,0.381169643023172
John Mercado,AVS Futebol,22.0,0.2209190284849194,0.5267264,0.3884981953829349,0.28177285,0.3937168248103787,0.37938874830249025
Jorge de Frutos,Rayo Vallecano,27.0,0.1812933955721776,0.52634925,0.44104094020581275,0.22646995,0.3432578072845252,0.3791830958017147
Carlos Vicente,Alavés,25.0,0.20099753393049608,0.5337127,0.43198184199561734,0.19966225,0.3273772774883375,0.37752527658156454
Gabriel Vieira,Santa Clara,22.0,0.1867252388719552,0.5075743,0.40880173782993967,0.2753588,0.4143946151970515,0.37629457747894246
Liam Delap,Ipswich Town,21.0,0.27328808370180435,0.49969476,0.3735723504149768,0.24311252,0.4027775796312997,0.3749206404406021
Morgan Guilavogui,St. Pauli,26.0,0.21600745015789602,0.48114073,0.42564740209592977,0.23699735,0.36771343609526747,0.37293434378860557
Thierno Barry,Villarreal,21.0,0.28544398475440935,0.49186456,0.37834448330823434,0.26246428,0.33053331170825906,0.3717752662779266
Jofre,Espanyol,23.0,0.16398218656269864,0.5431769,0.3969748541149897,0.24851179,0.38772266934858857,0.37115530429292964
Nikola Krstović,Lecce,24.0,0.1715181774547811,0.5690888,0.3529835522203987,0.3440649,0.3653272565530177,0.37105929920803876
Suf Podgoreanu,Heracles Almelo,22.0,0.17101809951834007,0.51594305,0.39278637795469945,0.28736004,0.40802414780164603,0.3702030341699971
Javi Puado,Espanyol,26.0,0.1297455627724987,0.5661399,0.3708614697686549,0.28961733,0.41994265619299637,0.36824159478704244
Jack Harrison,Everton,27.0,0.18988109392611663,0.5333558,0.37412509283075535,0.2767347,0.38029565966047246,0.36796198208487896
Yassine Kechta,Le Havre,22.0,0.18653340684966968,0.5629937,0.3105531689044113,0.33851215,0.4587283560600219,0.36647276988916244
Tomáš Suslov,Hellas Verona,22.0,0.22558197809551456,0.5449011,0.31974074790074797,0.3403624,0.38501862278586746,0.3657890293794622
Zakaria Aboukhlal,Toulouse,24.0,0.23542823804949964,0.5232596,0.35647577283986204,0.3091436,0.3129212095013174,0.36487354474515404
Pep Chavarría,Rayo Vallecano,26.0,0.1951704064825598,0.5588309,0.28976748578715766,0.34988284,0.4436284772215585,0.3595115623755863
Valentino Lazaro,Torino,28.0,0.20607916469949156,0.5089682,0.3437935295273166,0.2761513,0.3929989922393355,0.3557006410604426
Miguel Reisinho,Boavista,25.0,0.19526045011439763,0.56217676,0.2773389827756957,0.35782284,0.4189193323216882,0.3543391432640441
Jens Odgaard,Bologna,25.0,0.11216868471244135,0.5492999,0.36799548733479753,0.26149127,0.3957150642129414,0.3542777655041904
Oskar Zawada,RKC Waalwijk,28.0,0.2777016239296624,0.5297652,0.2701056434064172,0.33089554,0.3322152682200533,0.348829679773645
Matthis Abline,Nantes,21.0,0.11644547862830062,0.49422085,0.3986220326161299,0.25231996,0.3706865333476302,0.34866267024019154
Cisse Sandra,Willem II,20.0,0.12385004284169632,0.54159147,0.32192361105519146,0.32463908,0.42556826889724764,0.34786187389117046
Patrick Cutrone,Como,26.0,0.17070076512696086,0.4764738,0.385377745134714,0.2522297,0.3442251895240256,0.3477863050198511
Josué Casimir,Le Havre,22.0,0.18108190704917393,0.41532147,0.44028478047376335,0.17688733,0.35213224584877006,0.3470483809441622
Vinícius,Santa Clara,25.0,0.19668152369445235,0.46633446,0.3641257020560897,0.2229694,0.3812834175220737,0.34378919866002333
Ange-Yoan Bonny,Parma,20.0,0.12278942875575344,0.4771639,0.3856839269782708,0.252957,0.39240732448488874,0.34337466937374
Christantus Uche,Getafe,21.0,0.07634154613978456,0.5068364,0.3848820564089819,0.25777432,0.3970843886479803,0.3421720044877483
Evanilson,Bournemouth,24.0,0.24614409093422046,0.46697223,0.3279319554769549,0.26650074,0.33287151388002206,0.3406852868274071
Emanuel Emegha,Strasbourg,21.0,0.3486918207060379,0.46706426,0.28411903220460927,0.2782047,0.2653188542878061,0.3402984478749209
Jørgen Strand Larsen,Wolves,24.0,0.2568333601552548,0.4948725,0.2827601558763238,0.27435482,0.3871208651336547,0.34019842225773833
Dany Mota,Monza,26.0,0.04240985271424036,0.52544874,0.37556750519657556,0.26627475,0.4183262037726813,0.3397528780168803
Alfonso Trezza,Arouca,25.0,0.09716408964814677,0.52321374,0.3517813666146681,0.26804486,0.34094503559989164,0.33425872213525104
Jon Guridi,Alavés,29.0,0.1120293089789729,0.5309553,0.3117692498188077,0.29100102,0.4037062233810932,0.3337346535333343
Sami Ouaissa,NEC Nijmegen,19.0,0.20217665726457912,0.4447865,0.387598282319142,0.17243667,0.2890165272139344,0.3334366718128322
Kornelius Hansen,Almere City,23.0,0.08202779730905801,0.49971837,0.3628593742542255,0.27951938,0.3566517632013095,0.33195304781576224
Jorg Schreuders,Groningen,19.0,0.1918475191985754,0.43861067,0.3727556483301997,0.18611045,0.3149631111857166,0.3285940056658231
Lorenzo Colombo,Empoli,22.0,0.07542680061078788,0.49094886,0.3462820489407159,0.27562094,0.3932378661491531,0.3259071726878824
Johannes Eggestein,St. Pauli,26.0,0.06087853980122804,0.5005647,0.3423730844262705,0.27481416,0.3796658869744092,0.3225954660483662
Che Adams,Torino,28.0,0.08248907258673882,0.5153788,0.314119796467354,0.29078692,0.3783340981597201,0.32219653859780156
Nicolás Domínguez,Nott'ham Forest,26.0,0.18122604109859375,0.5170986,0.23566895651423148,0.3181938,0.36989858873411324,0.31681323410110407
Rúnar Þór Sigurgeirsson,Willem II,24.0,0.11040587826819126,0.498285,0.27048278173091034,0.2966737,0.42814361922474103,0.3138031282295985
Artem Dovbyk,Roma,27.0,0.18325128439916033,0.45221126,0.3024489580954154,0.25870195,0.3091065356065861,0.3123410556314214
Tobias Lauritsen,Sparta R'dam,26.0,0.17685077961407103,0.4378575,0.30454727783369806,0.25611898,0.31907117241987976,0.3089450955019401
Gorka Guruzeta,Athletic Club,27.0,0.15436909872835658,0.45993602,0.2783519058378863,0.27764517,0.31103815621183656,0.3021493259136571
Hugo Duro,Valencia,24.0,0.15009939096434094,0.4813906,0.249270184415608,0.27904665,0.3627841234281833,0.3017951690377676
Oliver McBurnie,Las Palmas,28.0,0.12182110133306406,0.43131173,0.3111804117270934,0.25125977,0.3342664460671483,0.2996579191348948
Mikel Oyarzabal,Real Sociedad,27.0,0.08022180318766642,0.4296695,0.31893470142624675,0.24037221,0.36262281044070904,0.29538838347674334
Elías Már Ómarsson,NAC Breda,29.0,0.10115455671204782,0.4576549,0.2738537939154463,0.26171866,0.3313834050408386,0.28980366987083217
Giuseppe Pezzella,Empoli,26.0,0.12732884006037076,0.41370195,0.2964202059653562,0.22122723,0.34941054876095906,0.2897021068337212
Roberto Piccoli,Cagliari,23.0,0.07256805400201294,0.49032825,0.25882184900367705,0.29903868,0.31499084986893766,0.28908627423075955
Kiko Bondoso,Rio Ave,28.0,0.029987692995640358,0.44073093,0.31854405719413476,0.23489943,0.3737801229379378,0.2885386460287193
Morten Thorsby,Genoa,28.0,0.09862656013959942,0.4602545,0.2619338090923089,0.27408943,0.3361429250776759,0.2874890028920984
Thom van Bergen,Groningen,20.0,0.07602599480516092,0.40620208,0.3253018028218438,0.21694615,0.3433223115641257,0.28663819605477425
Lorenzo Lucca,Udinese,23.0,0.1539780307802241,0.40859765,0.2617813905135423,0.23964977,0.348243984955645,0.2833578802591665
Dylan Vente,Zwolle,25.0,0.12578420024828174,0.42981642,0.26444672006725534,0.23596518,0.3427628933702272,0.28304010536356083
Róbert Boženík,Boavista,24.0,0.0618642446744731,0.4930213,0.2345013813592703,0.30764544,0.2911742792860527,0.2775856320658766
Isaac Romero,Sevilla,24.0,0.023190760356112394,0.44016987,0.2992159894623268,0.2526861,0.3146128536837452,0.276136113894267
Andrea Pinamonti,Genoa,25.0,0.08756406093943764,0.42424202,0.2661773645812828,0.24432467,0.3434524756282373,0.2755131095642098
Ezequiel Bullaude,Fortuna Sittard,23.0,0.052200215322601606,0.4381411,0.26845712965463453,0.25156978,0.36237715684968563,0.27533000953618275
Santiago Pierotti,Lecce,23.0,0.030085291072711295,0.36867017,0.3411758680497334,0.18841913,0.3834191291821429,0.274779979304807
Thomas Robinet,Almere City,27.0,0.060511304093166074,0.40771317,0.25749271564542464,0.24669056,0.30814800489110594,0.25963686224691357
Amin Sarr,Hellas Verona,23.0,0.021330990879858236,0.35405898,0.31242652374493857,0.18280664,0.334211157689537,0.2538320069499679
Kyan Vaesen,Willem II,23.0,0.022350608990430343,0.4486814,0.21739346197579135,0.27268898,0.29074059071858976,0.24907114569798763
Jochem van de Kamp,Almere City,20.0,0.13503311454878714,0.33890456,0.21602320081215445,0.20765586,0.3146313506724568,0.23956960398917293
Kikas,Estrela,25.0,0.03616203867923623,0.3655296,0.25290668821363993,0.2112004,0.2987792339166577,0.2381301109498454
Rasmus Højlund,Manchester Utd,21.0,0.0,0.29141396,0.23981627284274962,0.18155755,0.236506596331558,0.19859560131354012
Nicolas-Gerrit Kühn,Celtic,24.0,0.2635023835329828,0.097327396,0.054529039577323496,0.056298584,0.009292974729449927,0.10267664556773591
Cyriel Dessers,Rangers,29.0,0.26391721859846046,0.106289074,0.03203551391182327,0.05151474,0.05572306036319667,0.10129192246409888
Daizen Maeda,Celtic,26.0,0.2300297385440344,0.05567056,0.04698849101177506,0.034446348,0.01598093861232445,0.0814122881193484
Lawrence Shankland,Hearts,28.0,0.14066326344524427,0.10409255,0.045832542744050166,0.060160086,0.015416181425338312,0.07775480766237491
Kevin Nisbet,Aberdeen,27.0,0.18142729866078544,0.04490845,0.048917100808538075,0.0313316,0.014574289645266861,0.06922414607241681
Hamza Igamane,Rangers,21.0,0.1914646864269769,0.055198282,0.0343120676097898,0.027260931,0.022602525795861552,0.06908807719669775
Václav Černý,Rangers,26.0,0.17057910360210343,0.052712873,0.04388945674440479,0.030108513,0.006513437211380162,0.06631754378925486
Noah Chilvers,Ross County,23.0,0.09036668658624097,0.091364086,0.025216402374782093,0.052064143,0.03125321987375587,0.05807183605275775
Ronan Hale,Ross County,25.0,0.15200785542241552,0.052828997,0.02503804005986539,0.024632828,0.0,0.0548354172332783
Sam Dalby,Dundee United,24.0,0.14593631722252148,0.020445824,0.0330185979219075,0.013051844,0.023065537176248485,0.04946696679563644
Glenn Middleton,Dundee United,24.0,0.07329865940601488,0.08183934,0.011902396857924068,0.04496061,0.03966145019195842,0.047747611530035206
Toyosi Olusanya,St Mirren,26.0,0.11421365346388901,0.03150317,0.029472315928072767,0.021244042,0.029090863133327382,0.04606732456497377
Makenzie Kirk,St Johnstone,20.0,0.1243463859588061,0.019178092,0.027650923501226377,0.012244091,0.026154668881134355,0.0431814996320007
Adama Sidibeh,St Johnstone,26.0,0.08270583336015719,0.07281616,0.010638996633407628,0.036870748,0.010128269720732419,0.043168758164760755
Fraser Murray,Kilmarnock,25.0,0.07201220688470006,0.056705162,0.01267628000183623,0.033306733,0.03775762266869911,0.04012186545067945
Luca Stephenson,Dundee United,20.0,0.060274315101657594,0.05030276,0.0,0.029637031,0.05491145509839935,0.0330854013591128
Scott Tiffoney,Dundee,25.0,0.09418853089911983,0.010117352,0.012928466197487033,0.008012031,0.050891406619247105,0.031782351145215416
Tom Sparrow,Motherwell,21.0,0.10567195979438349,0.0,0.007906722543816221,0.0,0.0524278548621116,0.029144530335423538
